{
  "$schema": "./mfdevice.schema.json",
  "Info": {
    "Label": "MobiFlight Generic I2C",
    "Type": "MOBIFLIGHT_GENERICI2C",
    "Author": "Mobiflight",
    "URL": "https://github.com/MobiFlight/MobiFlight-CustomDevices/tree/main/Mobiflight/GenericI2C",
    "Version": "1.0.0"
  },
  "Config": {
    "Pins": [],
    "I2C": {
      "Enabled": true,
      "Addresses": [
        "0x27",
        "0x26",
        "0x25",
        "0x24",
        "0x23",
        "0x22",
        "0x21",
        "0x20"
      ]
    }
  },
  "MessageTypes": [
    {
      "id": 0,
      "label": "Show Speed Value",
      "description": "$ will be displayed as Speed value"
    },
    {
      "id": 1,
      "label": "Show Heading Value",
      "description": "$ will be displayed as Heading value"
    }
  ]
}
