{
  "$schema": "./mfjoystick.schema.json",
  "InstanceName": "Octavi",
  "VendorId": "0x04D8",
  "ProductId": "0xE6D6",
  "Inputs": [
    {
      "Id": 0,
      "Type": "Button",
      "Label": "COM1"
    },
    {
      "Id": 1,
      "Type": "Button",
      "Label": "COM2"
    },
    {
      "Id": 2,
      "Type": "Button",
      "Label": "NAV1"
    },
    {
      "Id": 3,
      "Type": "Button",
      "Label": "NAV2"
    },
    {
      "Id": 7,
      "Type": "Button",
      "Label": "XPDR"
    }
  ],
  "Outputs": [
    {
      "Label": "AP Master",
      "Id": "AP.AP",
      "Byte": 1,
      "Bit": 0
    },
    {
      "Label": "AP HDG",
      "Id": "AP.HDG",
      "Byte": 1,
      "Bit": 1
    },
    {
      "Label": "AP NAV",
      "Id": "AP.NAV",
      "Byte": 1,
      "Bit": 2
    },
    {
      "Label": "AP APR",
      "Id": "AP.APR",
      "Byte": 1,
      "Bit": 3
    },
    {
      "Label": "AP ALT",
      "Id": "AP.ALT",
      "Byte": 1,
      "Bit": 4
    },
    {
      "Label": "AP VS",
      "Id": "AP.VS",
      "Byte": 1,
      "Bit": 5
    }

  ]
}
