{
  "$schema": "./mfboard.schema.json",
  "UsbDriveSettings": {
    "VolumeLabel": "RPI-RP2",
    "VerificationFileName": "INFO_UF2.TXT"
  },
  "Connection": {
    "ConnectionDelay": 1250,
    "DelayAfterFirmwareUpdate": 1250,
    "DtrEnable": true,
    "EEPROMSize": 1496,
    "ExtraConnectionRetry": false,
    "ForceResetOnFirmwareUpdate": true,
    "MessageSize": 64
  },
  "HardwareIds": ["^VID_2E8A&PID_000A"],
"Info": {
  "CanInstallFirmware": true,
  "CanResetBoard": true,
  "FirmwareBaseName": "gnc255_raspberrypico",
  "FirmwareExtension": "uf2",
  "FriendlyName": "Elral/Tuomas GNC255 Pico",
  "LatestFirmwareVersion": "0.9.1",
  "MobiFlightType": "Elral_Tuomas GNC255 Pico",
  "MobiFlightTypeLabel": "Elral/Tuomas GNC255",
  "ResetFirmwareFile": "reset.raspberry_pico_flash_nuke.uf2",
  "CustomDeviceTypes": [
    "ELRAL_TUOMAS_GNC255"
  ],
  "Community": {
    "Project": "Elral/Tuomas GNC255",
    "Website": "https://github.com/elral/MF_GNC255",
    "Docs": "https://github.com/elral/MF_GNC255",
    "Support": "https://mobiflight.com/discord"
  },
  "DeviceConfigs": [
    {
      "Name": "MobiFlight GNC255 style radio COM1",
      "Description": "GNC255 style General Aviation radio with OLED screen and using a custom device firmware.",
      "File": "MF255-0.9.1.mfmc"
    }
  ]
},
  "ModuleLimits": {
    "MaxAnalogInputs": 3,
    "MaxInputShifters": 4,
    "MaxButtons": 26,
    "MaxEncoders": 8,
    "MaxLcdI2C": 2,
    "MaxLedSegments": 4,
    "MaxOutputs": 26,
    "MaxServos": 8,
    "MaxShifters": 4,
    "MaxSteppers": 6,
    "MaxInputMultiplexer": 4,
    "MaxCustomDevices": 5
  },
  "Pins": [
    {
      "isAnalog": false,
      "isI2C": false,
      "isPWM": true,
      "Pin": 0
    },
    {
      "isAnalog": false,
      "isI2C": false,
      "isPWM": true,
      "Pin": 1
    },
    {
      "isAnalog": false,
      "isI2C": false,
      "isPWM": true,
      "Pin": 2
    },
    {
      "isAnalog": false,
      "isI2C": false,
      "isPWM": true,
      "Pin": 3
    },
    {
      "isAnalog": false,
      "isI2C": true,
      "isPWM": true,
      "Pin": 4
    },
    {
      "isAnalog": false,
      "isI2C": true,
      "isPWM": true,
      "Pin": 5
    },
    {
      "isAnalog": false,
      "isI2C": false,
      "isPWM": true,
      "Pin": 6
    },
    {
      "isAnalog": false,
      "isI2C": false,
      "isPWM": true,
      "Pin": 7
    },
    {
      "isAnalog": false,
      "isI2C": false,
      "isPWM": true,
      "Pin": 8
    },
    {
      "isAnalog": false,
      "isI2C": false,
      "isPWM": true,
      "Pin": 9
    },
    {
      "isAnalog": false,
      "isI2C": false,
      "isPWM": true,
      "Pin": 10
    },
    {
      "isAnalog": false,
      "isI2C": false,
      "isPWM": true,
      "Pin": 11
    },
    {
      "isAnalog": false,
      "isI2C": false,
      "isPWM": true,
      "Pin": 12
    },
    {
      "isAnalog": false,
      "isI2C": false,
      "isPWM": true,
      "Pin": 13
    },
    {
      "isAnalog": false,
      "isI2C": false,
      "isPWM": true,
      "Pin": 14
    },
    {
      "isAnalog": false,
      "isI2C": false,
      "isPWM": true,
      "Pin": 15
    },
    {
      "isAnalog": false,
      "isI2C": false,
      "isPWM": true,
      "Pin": 17
    },
    {
      "isAnalog": false,
      "isI2C": false,
      "isPWM": true,
      "Pin": 20
    },
    {
      "isAnalog": false,
      "isI2C": false,
      "isPWM": true,
      "Pin": 21
    },
    {
      "isAnalog": false,
      "isI2C": false,
      "isPWM": true,
      "Pin": 22
    },
    {
      "isAnalog": true,
      "isI2C": false,
      "isPWM": true,
      "Name": "A0",
      "Pin": 26
    },
    {
      "isAnalog": true,
      "isI2C": false,
      "isPWM": true,
      "Name": "A1",
      "Pin": 27
    },
    {
      "isAnalog": true,
      "isI2C": false,
      "isPWM": true,
      "Name": "A2",
      "Pin": 28
    }
  ]
}
